"Group","n_questions","HopeAI","Claude 3.5 Sonnet","Myelo","Gemini 1.5 Pro","ChatGPT o1-preview"
"Diagnostic",2,1.66666666666667,2.5,3.16666666666667,3.66666666666667,4
"NDMM",15,1.48888888888889,3.31111111111111,3.33333333333333,3.93333333333333,2.95555555555556
"Novel/SpecialPop",5,1.8,3.33333333333333,3.6,3.53333333333333,2.8
"RRMM",21,1.41269841269841,3.38095238095238,3.50793650793651,4,2.6984126984127
"Special",7,2.57142857142857,3.23809523809524,3.47619047619048,2.66666666666667,2.85714285714286
